{"cameraMode":{"drawMode":0,"name":"Shaded","section":"Shading Mode"},"sceneLighting":true,"audioPlay":false,"sceneViewState":{"m_AlwaysRefresh":false,"showFog":true,"showSkybox":true,"showFlares":true,"showImageEffects":true,"showParticleSystems":true,"showVisualEffectGraphs":true,"m_FxEnabled":true},"in2DMode":false,"pivot":{"x":-4.225524425506592,"y":3.611121416091919,"z":-10.627862930297852},"rotation":{"x":0.10596850514411926,"y":0.10865554958581925,"z":-0.011649536900222302,"w":0.9883509278297424},"size":1.2247449159622193,"orthographic":false}