{"cameraMode":{"drawMode":0,"name":"Shaded","section":"Shading Mode"},"sceneLighting":true,"audioPlay":false,"sceneViewState":{"m_AlwaysRefresh":false,"showFog":true,"showSkybox":true,"showFlares":true,"showImageEffects":true,"showParticleSystems":true,"showVisualEffectGraphs":true,"m_FxEnabled":true},"in2DMode":false,"pivot":{"x":-86.0937728881836,"y":7.8622918128967289,"z":6.902838706970215},"rotation":{"x":-0.12228287756443024,"y":-0.12449030578136444,"z":0.013629084452986718,"w":-0.9848402738571167},"size":2.2763352394104006,"orthographic":false}